{
    "pixel_ranges": [
        232.99996948242188,
        303.0,
        377.6988525390625,
        477.7370300292969,
        708.44091796875,
        1061.0
    ],
    "compensation_factors": [
        1.0173429644341736,
        1.0584513145581071,
        1.0468230485364263,
        1.0013096781140498,
        1.0448957973820854,
        1.1046305597710155
    ],
    "focal_length": 1506.67
}